"","year","sex","lower_ci","upper_ci","mean_ex","Country_of_Birth"
"1",1971,"Female",59.5862030608288,59.7225717583913,59.650144782821,"All"
"2",1971,"Male",57.3508314407068,57.483910860899,57.408919913682,"All"
"3",1972,"Female",60.2081671039967,60.338084078607,60.2658127329896,"All"
"4",1972,"Male",57.7757650772653,57.9408567754547,57.844587074888,"All"
"5",1973,"Female",60.7948978268119,60.9228827356532,60.8552617407588,"All"
"6",1973,"Male",58.0866852408626,58.2641832173585,58.1869009244334,"All"
"7",1974,"Female",61.3428387610285,61.4849021737734,61.4049044563299,"All"
"8",1974,"Male",58.4517760540438,58.6145458127542,58.5391925983313,"All"
"9",1975,"Female",61.8852644182055,62.0069544267545,61.9622317121162,"All"
"10",1975,"Male",58.8586231845922,59.0418820391403,58.9258472299673,"All"
"11",1976,"Female",62.2838234083241,62.4279692151507,62.3620601020007,"All"
"12",1976,"Male",59.0765177435491,59.2924362923394,59.173195469732,"All"
"13",1977,"Female",62.7953151299532,62.9570009249852,62.8687922497263,"All"
"14",1977,"Male",59.350833590336,59.5639965675522,59.4523230366489,"All"
"15",1978,"Female",63.1594985146887,63.3103232970072,63.2505665487968,"All"
"16",1978,"Male",59.5776042232386,59.8131551067101,59.6771945046963,"All"
"17",1979,"Female",63.4913655911485,63.6511303340375,63.5689168573914,"All"
"18",1979,"Male",59.8877868008904,60.0727195082085,59.9765986734728,"All"
"19",1980,"Female",63.7810350888876,64.0074097316418,63.8972963913006,"All"
"20",1980,"Male",60.0527648903892,60.2877847184846,60.1857673748975,"All"
"21",1981,"Female",64.1154713628169,64.3028478061312,64.2246915351366,"All"
"22",1981,"Male",60.2445116675212,60.4742501779818,60.3424026588595,"All"
"23",1982,"Female",64.3675403085897,64.5707621853714,64.4878102707185,"All"
"24",1982,"Male",60.2626862345708,60.5289936356105,60.3950572157475,"All"
"25",1983,"Female",64.6783758331394,64.8914944842007,64.7781204553675,"All"
"26",1983,"Male",60.3531221379213,60.5919725384926,60.4691168261507,"All"
"27",1984,"Female",64.6972238352876,64.9033230770117,64.8122056437969,"All"
"28",1984,"Male",60.5446212671622,60.7777905697422,60.6445276183328,"All"
"29",1985,"Female",64.998859236139,65.2109874782736,65.1069255685078,"All"
"30",1985,"Male",60.6299086789959,60.9117555140994,60.7630090016452,"All"
"31",1986,"Female",65.2187938680776,65.4457700534938,65.3274807540564,"All"
"32",1986,"Male",60.7198941838021,60.9500076420172,60.8413598478292,"All"
"33",1987,"Female",65.2201937843231,65.4838426864881,65.3627112139496,"All"
"34",1987,"Male",60.7429607387665,61.0056748848535,60.8771401561482,"All"
"35",1988,"Female",65.4261857985348,65.6584263046007,65.5390671107741,"All"
"36",1988,"Male",60.7671167099319,61.0088769950083,60.8943567154401,"All"
"37",1989,"Female",65.4647409876867,65.6455485023335,65.556529694394,"All"
"38",1989,"Male",60.8159174946542,61.0646346116303,60.9332772560233,"All"
"39",1990,"Female",65.6381880907202,65.8436432571554,65.7447797409255,"All"
"40",1990,"Male",60.8507269691607,61.1145047863888,60.9794579377778,"All"
"41",1991,"Female",65.6669954774101,65.9027922907344,65.7814628192359,"All"
"42",1991,"Male",60.980567689532,61.2201876322083,61.0899906793016,"All"
"43",1992,"Female",65.7181022816737,66.0504632413149,65.9181995287159,"All"
"44",1992,"Male",60.8707815952257,61.0684537178135,60.958198064322,"All"
"45",1993,"Female",65.7214041262733,65.9687328380436,65.8346745715719,"All"
"46",1993,"Male",60.8698235323507,61.1647715974407,61.0232907812641,"All"
"47",1994,"Female",65.8942296011399,66.0855619268038,66.0035622870295,"All"
"48",1994,"Male",61.0022528633568,61.2224574630443,61.105027717942,"All"
"49",1995,"Female",65.8850612056676,66.1642752361646,66.0419247643023,"All"
"50",1995,"Male",60.9869741289386,61.2676919702864,61.1315262183662,"All"
"51",1996,"Female",65.7466089778216,65.9856972503977,65.8670422843891,"All"
"52",1996,"Male",60.9598381859099,61.2108594782514,61.1028815769385,"All"
"53",1997,"Female",65.8966761245784,66.2063538114103,66.0543504749708,"All"
"54",1997,"Male",60.8813388661893,61.1360866249168,61.0231866258882,"All"
"55",1998,"Female",65.9798012518489,66.2684185786405,66.1161380992381,"All"
"56",1998,"Male",61.0360988623706,61.2910862091299,61.1782943938725,"All"
"57",1999,"Female",65.9303804821033,66.1489284791721,66.0589339772525,"All"
"58",1999,"Male",60.966273122013,61.1944685205216,61.0749214833297,"All"
"59",2000,"Female",65.9401067865996,66.2265659741258,66.0943895881045,"All"
"60",2000,"Male",61.0919708245578,61.310958330465,61.1858591889896,"All"
"61",2001,"Female",65.8791355104078,66.1097450327177,65.9879859511723,"All"
"62",2001,"Male",61.084642793043,61.3183782048524,61.2096691416631,"All"
"63",2002,"Female",65.9700461623368,66.1886947448074,66.0930230989497,"All"
"64",2002,"Male",60.9915042826926,61.2091228904075,61.1009094344705,"All"
"65",2003,"Female",66.0594879188242,66.2843288505686,66.1869127791032,"All"
"66",2003,"Male",61.031951942449,61.2605822618331,61.1467064743992,"All"
"67",2004,"Female",65.8360926900856,66.0610725834542,65.9647993426798,"All"
"68",2004,"Male",60.8508162653894,61.097094760864,61.0006747514116,"All"
"69",2005,"Female",65.9413332915005,66.1933932809473,66.078504591604,"All"
"70",2005,"Male",60.9016126948308,61.1228395892514,60.9991675873243,"All"
"71",2006,"Female",65.9977188616976,66.2398698527241,66.1136239974603,"All"
"72",2006,"Male",61.0773112749041,61.3033906925521,61.1913594105685,"All"
"73",2007,"Female",65.9649056246705,66.1915202428191,66.0741061106737,"All"
"74",2007,"Male",60.9676825501468,61.2697395083682,61.1022169227732,"All"
"75",2008,"Female",65.9396333194186,66.1851009118981,66.0674563414715,"All"
"76",2008,"Male",60.9021768148055,61.2377382021337,61.0429997031962,"All"
"77",2009,"Female",66.025061035711,66.2662730271955,66.1516792500921,"All"
"78",2009,"Male",60.8323341318844,61.1143855044481,60.9933526196467,"All"
"79",2010,"Female",65.8970729850971,66.1640136670013,66.0435075073103,"All"
"80",2010,"Male",60.9783372950887,61.2053750169872,61.0788943543,"All"
"81",2011,"Female",65.9291633804717,66.1765489844944,66.0563738951757,"All"
"82",2011,"Male",60.9078412568722,61.1336989026271,61.0181776978318,"All"
"83",2012,"Female",65.8877267823046,66.1552774856399,66.0432209637369,"All"
"84",2012,"Male",60.9277219183259,61.1722328078853,61.0490822562509,"All"
"85",2013,"Female",65.9835491165983,66.2278390874144,66.0952362016739,"All"
"86",2013,"Male",61.0315738291796,61.2924955612792,61.1809193077166,"All"
"87",2014,"Female",65.904080552871,66.1562380211806,66.0169507322179,"All"
"88",2014,"Male",60.8541586278228,61.0868892940318,60.9689940101968,"All"
"89",2015,"Female",65.9272181049263,66.099932587537,66.0121692499012,"All"
"90",2015,"Male",61.058948696817,61.3082855351053,61.1434734334699,"All"
"91",2016,"Female",66.0214901658155,66.2080831809002,66.121839578591,"All"
"92",2016,"Male",60.9215056434858,61.1730315460492,61.0360247193294,"All"
"93",2017,"Female",1.42924344530945,1.43272418258726,1.43133710210783,"All"
"94",2017,"Male",1.43090209875714,1.43378503589106,1.43241536713762,"All"
"95",1971,"Female",59.4143921286743,59.5437423614981,59.4857178146697,"England and Wales"
"96",1971,"Male",56.9938284514746,57.1692877872425,57.1013904333744,"England and Wales"
"97",1972,"Female",60.0043426360391,60.1533312370671,60.069464709912,"England and Wales"
"98",1972,"Male",57.4102140428359,57.6003359550352,57.5160899337558,"England and Wales"
"99",1973,"Female",60.576806728332,60.7174711420651,60.6536354229609,"England and Wales"
"100",1973,"Male",57.7317686971508,57.9511785600588,57.8391185648131,"England and Wales"
"101",1974,"Female",61.1028769600262,61.2616015995761,61.1684110413493,"England and Wales"
"102",1974,"Male",58.0667126680741,58.3176151693393,58.1825548140988,"England and Wales"
"103",1975,"Female",61.6344159082518,61.8312683069344,61.7198896809597,"England and Wales"
"104",1975,"Male",58.389728492891,58.6058207540517,58.5176492868006,"England and Wales"
"105",1976,"Female",61.9589692505641,62.1404108358354,62.0502516103861,"England and Wales"
"106",1976,"Male",58.6449022674297,58.912746746706,58.8016058958273,"England and Wales"
"107",1977,"Female",62.5369501996738,62.7036036799155,62.6085682159932,"England and Wales"
"108",1977,"Male",58.9563467281971,59.1411040869445,59.0444519176819,"England and Wales"
"109",1978,"Female",62.8183398286114,63.0082360603055,62.9083082938305,"England and Wales"
"110",1978,"Male",59.1781161488358,59.4458134537651,59.2952445818718,"England and Wales"
"111",1979,"Female",63.1412660034658,63.3216231200448,63.2152384254535,"England and Wales"
"112",1979,"Male",59.423827292158,59.6591437398063,59.5450222301973,"England and Wales"
"113",1980,"Female",63.4777156175184,63.6556615616708,63.5623063572071,"England and Wales"
"114",1980,"Male",59.536246685438,59.7884301580262,59.6644730738614,"England and Wales"
"115",1981,"Female",63.7388081970605,63.97792973649,63.848577501888,"England and Wales"
"116",1981,"Male",59.7189854594533,60.0110379222396,59.8784333866383,"England and Wales"
"117",1982,"Female",63.9821164348858,64.2387734159143,64.116651353007,"England and Wales"
"118",1982,"Male",59.8059996023255,60.0345667240615,59.9117085819957,"England and Wales"
"119",1983,"Female",64.2216742975448,64.4931350791814,64.3432564050201,"England and Wales"
"120",1983,"Male",59.7934856739452,60.0834659424539,59.958823423397,"England and Wales"
"121",1984,"Female",64.2586153926146,64.538654035446,64.3627415342785,"England and Wales"
"122",1984,"Male",59.9547885275062,60.2760684338187,60.1218195820303,"England and Wales"
"123",1985,"Female",64.5269137704531,64.7469192055815,64.6412504983451,"England and Wales"
"124",1985,"Male",59.9893773701162,60.2882851522496,60.1694033483876,"England and Wales"
"125",1986,"Female",64.7513355142101,64.9733749756066,64.8609438900019,"England and Wales"
"126",1986,"Male",60.1674133529991,60.3807997591687,60.2849625695125,"England and Wales"
"127",1987,"Female",64.6775722737168,64.9563186164355,64.8324721368579,"England and Wales"
"128",1987,"Male",60.1915371006658,60.4255698439183,60.3057250130237,"England and Wales"
"129",1988,"Female",64.7926920754923,65.1425734375262,64.9970008408772,"England and Wales"
"130",1988,"Male",60.1575374623266,60.4452576467609,60.2871481036612,"England and Wales"
"131",1989,"Female",64.9049845878868,65.2135312015315,65.0517722170156,"England and Wales"
"132",1989,"Male",60.2692519165554,60.5005296341543,60.3783009535721,"England and Wales"
"133",1990,"Female",65.0825954787577,65.3752954994692,65.2152196099365,"England and Wales"
"134",1990,"Male",60.2948163937504,60.5988006367619,60.4240904181258,"England and Wales"
"135",1991,"Female",65.1125212872218,65.4125091105288,65.2276759088876,"England and Wales"
"136",1991,"Male",60.3790033839358,60.6350874005457,60.5175004121015,"England and Wales"
"137",1992,"Female",65.1519966271459,65.430075742037,65.2864110005806,"England and Wales"
"138",1992,"Male",60.2330122869186,60.5102592525149,60.3604531876989,"England and Wales"
"139",1993,"Female",65.1407006925986,65.3747185342587,65.2580070579173,"England and Wales"
"140",1993,"Male",60.2909313092178,60.5609720573999,60.4372861770548,"England and Wales"
"141",1994,"Female",65.3908831963897,65.6718190300927,65.5281103981776,"England and Wales"
"142",1994,"Male",60.3774809618955,60.64198430681,60.5222482846252,"England and Wales"
"143",1995,"Female",65.2673492587789,65.5971316119323,65.4297943981019,"England and Wales"
"144",1995,"Male",60.3988548211781,60.7005005167082,60.5632780449035,"England and Wales"
"145",1996,"Female",65.1267817691719,65.4291579246774,65.2782417560914,"England and Wales"
"146",1996,"Male",60.3627851501796,60.6693435840334,60.4956961348406,"England and Wales"
"147",1997,"Female",65.3172612807193,65.6205013636112,65.4800932187272,"England and Wales"
"148",1997,"Male",60.2727166423627,60.558557115748,60.4333220607959,"England and Wales"
"149",1998,"Female",65.3649569149719,65.6329065137823,65.505343387747,"England and Wales"
"150",1998,"Male",60.4411221227396,60.7451897718983,60.6028831376637,"England and Wales"
"151",1999,"Female",65.2599307150366,65.5482153239715,65.4120448799414,"England and Wales"
"152",1999,"Male",60.3101350023482,60.5434346083137,60.4325591163499,"England and Wales"
"153",2000,"Female",65.3440114185824,65.6699349570141,65.4822935617022,"England and Wales"
"154",2000,"Male",60.4939649913169,60.784859792117,60.6337680401098,"England and Wales"
"155",2001,"Female",65.2167015941079,65.4944815439586,65.3226607958236,"England and Wales"
"156",2001,"Male",60.4433871093226,60.7584601625306,60.5940171635439,"England and Wales"
"157",2002,"Female",65.3419546141069,65.6422002191693,65.4880259477636,"England and Wales"
"158",2002,"Male",60.3554322981554,60.6377267180213,60.5007824676568,"England and Wales"
"159",2003,"Female",65.4404113813637,65.7113364798979,65.5830683643319,"England and Wales"
"160",2003,"Male",60.4337638146941,60.6827226040322,60.5572913781667,"England and Wales"
"161",2004,"Female",65.2145808653046,65.4957402290342,65.3503540710479,"England and Wales"
"162",2004,"Male",60.3076987505034,60.5552173485595,60.4323093142693,"England and Wales"
"163",2005,"Female",65.3091075089466,65.6156671039363,65.4759956218942,"England and Wales"
"164",2005,"Male",60.4063341179188,60.6871678761219,60.5165608230783,"England and Wales"
"165",2006,"Female",65.3987649939413,65.69702759675,65.5420573289064,"England and Wales"
"166",2006,"Male",60.5136727530305,60.7892055442442,60.6322788693384,"England and Wales"
"167",2007,"Female",65.3195766970267,65.6515988210636,65.4815107512886,"England and Wales"
"168",2007,"Male",60.3410414467221,60.6274836887326,60.5040091202062,"England and Wales"
"169",2008,"Female",65.3947533277275,65.7015379187508,65.5169324256537,"England and Wales"
"170",2008,"Male",60.3430321935177,60.6046001273418,60.445196428266,"England and Wales"
"171",2009,"Female",65.4851804755834,65.7487289626942,65.6151172211914,"England and Wales"
"172",2009,"Male",60.1668547016523,60.5508779004889,60.3756782959959,"England and Wales"
"173",2010,"Female",65.3620240256365,65.6095754877904,65.4800644411994,"England and Wales"
"174",2010,"Male",60.317587234094,60.6328828221396,60.5039458080424,"England and Wales"
"175",2011,"Female",65.309176457037,65.5767016212774,65.4514030099013,"England and Wales"
"176",2011,"Male",60.3062112211144,60.5809857952685,60.441365308723,"England and Wales"
"177",2012,"Female",65.3167891902975,65.590231839425,65.4516177214192,"England and Wales"
"178",2012,"Male",60.3184772629206,60.5797632399297,60.4607821896136,"England and Wales"
"179",2013,"Female",65.4208308095165,65.725058559821,65.5676238729317,"England and Wales"
"180",2013,"Male",60.4873123197662,60.7883147827722,60.6231615261888,"England and Wales"
"181",2014,"Female",65.2614085112849,65.5890271173908,65.4234416692769,"England and Wales"
"182",2014,"Male",60.3185164589392,60.5477943677454,60.4274704400651,"England and Wales"
"183",2015,"Female",65.3312973611447,65.5641292965991,65.4319953864651,"England and Wales"
"184",2015,"Male",60.518651195658,60.7567467406674,60.6322346248078,"England and Wales"
"185",2016,"Female",65.4208535348907,65.7045778797531,65.5703077848833,"England and Wales"
"186",2016,"Male",60.3257185991334,60.6523058487765,60.4880393635008,"England and Wales"
"187",2017,"Female",1.42874590220201,1.43284539637847,1.43053148735197,"England and Wales"
"188",2017,"Male",1.43058349346562,1.43427369680896,1.43252903141701,"England and Wales"
"189",1971,"Female",59.5968316059359,59.9503662662099,59.7633527858943,"Scotland and Northern Ireland"
"190",1971,"Male",57.4177336655614,57.877365619076,57.6702761124278,"Scotland and Northern Ireland"
"191",1972,"Female",60.3799168873104,60.6373210418406,60.5201543035809,"Scotland and Northern Ireland"
"192",1972,"Male",58.122916742794,58.5701214451375,58.3343483969964,"Scotland and Northern Ireland"
"193",1973,"Female",60.893576902216,61.2310639959027,61.0670384653012,"Scotland and Northern Ireland"
"194",1973,"Male",58.3413534256792,58.9349551956556,58.6065292023531,"Scotland and Northern Ireland"
"195",1974,"Female",61.3768067487742,61.8212046637653,61.6158882518839,"Scotland and Northern Ireland"
"196",1974,"Male",58.6330798246944,59.1077694060509,58.843031015286,"Scotland and Northern Ireland"
"197",1975,"Female",61.8314843952036,62.286384905394,62.071512617148,"Scotland and Northern Ireland"
"198",1975,"Male",59.1880510272933,59.7680906451142,59.4364398268656,"Scotland and Northern Ireland"
"199",1976,"Female",62.611308057822,63.0316911224835,62.8546753062809,"Scotland and Northern Ireland"
"200",1976,"Male",59.1692522510257,59.8005920586737,59.5086380725578,"Scotland and Northern Ireland"
"201",1977,"Female",62.7571630887606,63.3097840107105,63.0490273043701,"Scotland and Northern Ireland"
"202",1977,"Male",59.5078694377606,60.043669416616,59.7110672125442,"Scotland and Northern Ireland"
"203",1978,"Female",63.137593082705,63.6877092185218,63.4099750178043,"Scotland and Northern Ireland"
"204",1978,"Male",59.5498475523562,59.9966599126419,59.7898143670318,"Scotland and Northern Ireland"
"205",1979,"Female",63.6531853604659,64.1121933738284,63.8921998144053,"Scotland and Northern Ireland"
"206",1979,"Male",59.654117198111,60.3288879946466,60.0253804484033,"Scotland and Northern Ireland"
"207",1980,"Female",63.709922697531,64.2582946869381,63.9529856337536,"Scotland and Northern Ireland"
"208",1980,"Male",60.4913643119051,61.1995755502546,60.8380586798042,"Scotland and Northern Ireland"
"209",1981,"Female",64.1426114189173,64.7298519346147,64.457089310555,"Scotland and Northern Ireland"
"210",1981,"Male",60.0538175154364,60.7098066864153,60.3549049686277,"Scotland and Northern Ireland"
"211",1982,"Female",64.0482791662758,64.6946246263282,64.4204977058225,"Scotland and Northern Ireland"
"212",1982,"Male",60.5964334128316,61.2308939836665,60.8835381419764,"Scotland and Northern Ireland"
"213",1983,"Female",64.6083428384354,65.1953628383085,64.9025774090708,"Scotland and Northern Ireland"
"214",1983,"Male",60.6059653945283,61.3198264282766,60.9151125568681,"Scotland and Northern Ireland"
"215",1984,"Female",64.6978481541621,65.3760857588515,65.0171824202908,"Scotland and Northern Ireland"
"216",1984,"Male",60.4745042593795,61.1916028348979,60.8138913723894,"Scotland and Northern Ireland"
"217",1985,"Female",65.2116249693664,65.8446719004324,65.5903821859329,"Scotland and Northern Ireland"
"218",1985,"Male",61.087062504804,61.7820607123863,61.4848583656115,"Scotland and Northern Ireland"
"219",1986,"Female",65.1573044394298,65.9026258581555,65.5536506032381,"Scotland and Northern Ireland"
"220",1986,"Male",61.1612378211766,61.8542537488859,61.4253275742719,"Scotland and Northern Ireland"
"221",1987,"Female",65.6340345179136,66.3049240999856,65.9649816068004,"Scotland and Northern Ireland"
"222",1987,"Male",61.0049728557643,61.7177020844971,61.4015005838316,"Scotland and Northern Ireland"
"223",1988,"Female",65.7102620842908,66.3221893805785,65.9685815735998,"Scotland and Northern Ireland"
"224",1988,"Male",61.285311967031,62.0292616707102,61.6677880342383,"Scotland and Northern Ireland"
"225",1989,"Female",65.5273433613267,66.3131093933103,65.9252894792124,"Scotland and Northern Ireland"
"226",1989,"Male",60.849444985748,61.4607120315334,61.1456208771636,"Scotland and Northern Ireland"
"227",1990,"Female",65.503089284217,66.2653659863257,65.9493396666075,"Scotland and Northern Ireland"
"228",1990,"Male",60.9129427022902,61.5638261329412,61.2119053171311,"Scotland and Northern Ireland"
"229",1991,"Female",65.8942493169756,66.4575635785715,66.1546499381964,"Scotland and Northern Ireland"
"230",1991,"Male",60.960827411867,61.6368241497203,61.3193852633917,"Scotland and Northern Ireland"
"231",1992,"Female",66.127326816704,67.0129960833509,66.5559343912543,"Scotland and Northern Ireland"
"232",1992,"Male",61.3620118779445,62.0314104028399,61.6566343210675,"Scotland and Northern Ireland"
"233",1993,"Female",66.1299044819338,67.0609192748275,66.63482003886,"Scotland and Northern Ireland"
"234",1993,"Male",61.1649924054401,61.9287067346317,61.5370196893533,"Scotland and Northern Ireland"
"235",1994,"Female",65.0549583382742,65.9628209753539,65.5563967600347,"Scotland and Northern Ireland"
"236",1994,"Male",61.2438698906454,62.0914943815859,61.6179579951959,"Scotland and Northern Ireland"
"237",1995,"Female",66.4208233472797,67.0333606337004,66.7504874071658,"Scotland and Northern Ireland"
"238",1995,"Male",61.0382340355222,61.8456061293283,61.4734730554815,"Scotland and Northern Ireland"
"239",1996,"Female",65.8161586635254,66.5279535009325,66.158928584887,"Scotland and Northern Ireland"
"240",1996,"Male",61.2619038897676,61.9925590440535,61.6035629486778,"Scotland and Northern Ireland"
"241",1997,"Female",66.0973020338745,66.8255995825434,66.5059791901327,"Scotland and Northern Ireland"
"242",1997,"Male",61.1231690724835,61.899036494828,61.4885424231019,"Scotland and Northern Ireland"
"243",1998,"Female",66.055932917358,67.0325539569501,66.5067969220861,"Scotland and Northern Ireland"
"244",1998,"Male",61.0710554806919,61.6859304361797,61.3384332164624,"Scotland and Northern Ireland"
"245",1999,"Female",66.1788970106161,67.0677941473986,66.687157087767,"Scotland and Northern Ireland"
"246",1999,"Male",61.4180233218785,62.1460932336761,61.8091401273022,"Scotland and Northern Ireland"
"247",2000,"Female",66.0941338044243,66.9224434395067,66.4974993222786,"Scotland and Northern Ireland"
"248",2000,"Male",61.0564753813031,61.8475939850057,61.3672898166546,"Scotland and Northern Ireland"
"249",2001,"Female",66.2952827330991,67.0528080303033,66.6742681798089,"Scotland and Northern Ireland"
"250",2001,"Male",61.3213914895589,62.116793876698,61.6486314130514,"Scotland and Northern Ireland"
"251",2002,"Female",65.9347899958133,66.8365351879005,66.3550612902726,"Scotland and Northern Ireland"
"252",2002,"Male",61.3333597457953,62.0473518593654,61.6157547528701,"Scotland and Northern Ireland"
"253",2003,"Female",66.2153836454373,66.9615917431198,66.5598032746321,"Scotland and Northern Ireland"
"254",2003,"Male",60.9186746622859,61.7406535288824,61.2917295396939,"Scotland and Northern Ireland"
"255",2004,"Female",65.6587993557623,66.6234600490499,66.2148218971387,"Scotland and Northern Ireland"
"256",2004,"Male",61.0434115996408,61.9341009410796,61.4455440914642,"Scotland and Northern Ireland"
"257",2005,"Female",66.1502838285153,66.7596583213977,66.4109741387475,"Scotland and Northern Ireland"
"258",2005,"Male",60.6542343862534,61.6802456822512,61.14412063601,"Scotland and Northern Ireland"
"259",2006,"Female",65.794643958563,66.5597761704849,66.163178658952,"Scotland and Northern Ireland"
"260",2006,"Male",61.2271810116559,61.889489694915,61.5912376567594,"Scotland and Northern Ireland"
"261",2007,"Female",66.0484234652614,66.74633738317,66.4054534152001,"Scotland and Northern Ireland"
"262",2007,"Male",61.216964800597,61.8668177129621,61.5183277651137,"Scotland and Northern Ireland"
"263",2008,"Female",65.9547885047222,66.704999421129,66.3980693626547,"Scotland and Northern Ireland"
"264",2008,"Male",61.2392853432604,61.9212908283856,61.6377839761772,"Scotland and Northern Ireland"
"265",2009,"Female",65.8916818661426,66.7327105939781,66.3123999176919,"Scotland and Northern Ireland"
"266",2009,"Male",61.3719276982416,61.8889499139302,61.5925916496089,"Scotland and Northern Ireland"
"267",2010,"Female",65.8462171914299,66.5962938542656,66.249565732942,"Scotland and Northern Ireland"
"268",2010,"Male",61.0751258027015,61.8749250910788,61.4428544465795,"Scotland and Northern Ireland"
"269",2011,"Female",66.2039004252546,67.008037891509,66.5733520266285,"Scotland and Northern Ireland"
"270",2011,"Male",61.037467926006,61.9381501461923,61.47202772321,"Scotland and Northern Ireland"
"271",2012,"Female",66.1871429068652,67.0854755495831,66.556885846437,"Scotland and Northern Ireland"
"272",2012,"Male",61.266792309889,61.9779518123451,61.5575151827388,"Scotland and Northern Ireland"
"273",2013,"Female",65.4488877690189,66.3267401715419,65.898963972247,"Scotland and Northern Ireland"
"274",2013,"Male",60.9367730096635,61.80300086808,61.3695249598358,"Scotland and Northern Ireland"
"275",2014,"Female",65.973687888681,66.7695127178853,66.3536762777773,"Scotland and Northern Ireland"
"276",2014,"Male",60.6741431179948,61.5756171183805,61.153158637378,"Scotland and Northern Ireland"
"277",2015,"Female",65.9098674284483,66.662762354923,66.3104816208738,"Scotland and Northern Ireland"
"278",2015,"Male",60.8399793946114,61.6505262359768,61.3060851623149,"Scotland and Northern Ireland"
"279",2016,"Female",65.913174231063,66.7058527354084,66.2678336299449,"Scotland and Northern Ireland"
"280",2016,"Male",60.7511611023401,61.5752007787108,61.1421605639188,"Scotland and Northern Ireland"
"281",2017,"Female",1.42899982652156,1.44026104753738,1.4344356603994,"Scotland and Northern Ireland"
"282",2017,"Male",1.42684190306396,1.43857430333683,1.4324866183155,"Scotland and Northern Ireland"
"283",1971,"Female",60.6951096498412,60.9652098257392,60.8444798847187,"Outside UK"
"284",1971,"Male",59.4926322733183,59.8621947263147,59.6277758002436,"Outside UK"
"285",1972,"Female",61.5589416965824,61.8629846028066,61.6988625853197,"Outside UK"
"286",1972,"Male",59.8793830894709,60.258823348873,60.0715373328889,"Outside UK"
"287",1973,"Female",62.2117505129725,62.5006012717825,62.3546624476197,"Outside UK"
"288",1973,"Male",60.4374486232601,60.830958316406,60.6343086150652,"Outside UK"
"289",1974,"Female",62.9306161653589,63.2380020995479,63.0974884110108,"Outside UK"
"290",1974,"Male",60.8108559765203,61.1796448752628,61.0248300593525,"Outside UK"
"291",1975,"Female",63.5583767301437,63.9108777492971,63.7508705968981,"Outside UK"
"292",1975,"Male",61.5603904632804,62.004427629817,61.7584850983379,"Outside UK"
"293",1976,"Female",64.0818373647666,64.4849149116438,64.330710490272,"Outside UK"
"294",1976,"Male",61.6367169274931,62.1577072857844,61.9159403727801,"Outside UK"
"295",1977,"Female",64.5999698961096,65.0523217929397,64.8166588950735,"Outside UK"
"296",1977,"Male",62.2799285161909,62.8106097602713,62.5525947730252,"Outside UK"
"297",1978,"Female",65.6916626571226,66.0783326643554,65.9072174211045,"Outside UK"
"298",1978,"Male",62.3870912304605,63.0726542689424,62.7124669711791,"Outside UK"
"299",1979,"Female",65.9284171801914,66.398446532669,66.1538937321753,"Outside UK"
"300",1979,"Male",63.1926171751475,63.7198130352267,63.44804911423,"Outside UK"
"301",1980,"Female",66.205373043752,66.7614914411618,66.5061785328292,"Outside UK"
"302",1980,"Male",63.3689489676541,64.0317705419918,63.6583288645475,"Outside UK"
"303",1981,"Female",66.8340525781346,67.2957963633977,67.0890116150551,"Outside UK"
"304",1981,"Male",63.7198430463041,64.3655567297765,64.0434500791597,"Outside UK"
"305",1982,"Female",67.2171479295973,67.7324902860074,67.4515969023755,"Outside UK"
"306",1982,"Male",63.701167524398,64.1985730921114,63.9603031908179,"Outside UK"
"307",1983,"Female",67.9902633231341,68.5630645175486,68.3232853181909,"Outside UK"
"308",1983,"Male",63.6723665385336,64.302624560652,64.0336846170609,"Outside UK"
"309",1984,"Female",67.9719702383108,68.5663911799727,68.292504525691,"Outside UK"
"310",1984,"Male",64.4487251082088,65.0975201471828,64.8140998834659,"Outside UK"
"311",1985,"Female",68.2443509336211,68.8859974314281,68.5452990019042,"Outside UK"
"312",1985,"Male",64.6804875457212,65.2400258690381,65.0000638263053,"Outside UK"
"313",1986,"Female",68.411456431416,69.0243709926077,68.7058267580529,"Outside UK"
"314",1986,"Male",64.4884229789685,65.1736019924362,64.776504178015,"Outside UK"
"315",1987,"Female",68.6651905608624,69.3788535921509,69.056689630823,"Outside UK"
"316",1987,"Male",64.5047753473558,65.1923227392544,64.8496098841045,"Outside UK"
"317",1988,"Female",68.9307426327047,69.6330334066136,69.3165352820926,"Outside UK"
"318",1988,"Male",64.9500753880639,65.6112937410713,65.231013941177,"Outside UK"
"319",1989,"Female",69.0095062095491,69.633780860532,69.3680901482723,"Outside UK"
"320",1989,"Male",64.6902778117056,65.4624059632136,65.1020452849201,"Outside UK"
"321",1990,"Female",69.5411436121445,70.2203623449473,69.8761555263393,"Outside UK"
"322",1990,"Male",65.1221983170451,65.7862941802583,65.435838876417,"Outside UK"
"323",1991,"Female",69.416512360163,70.2551576649565,69.8102123944728,"Outside UK"
"324",1991,"Male",64.9923384003488,65.8902059281732,65.4278638449385,"Outside UK"
"325",1992,"Female",69.7780106760283,70.6381035193227,70.2012187350396,"Outside UK"
"326",1992,"Male",64.6934636716484,65.6321989459816,65.1417925409356,"Outside UK"
"327",1993,"Female",69.377817228167,70.2390445655284,69.7929081250688,"Outside UK"
"328",1993,"Male",64.9279774077755,65.5740537854609,65.3115095342521,"Outside UK"
"329",1994,"Female",70.0434801231129,70.6878846338575,70.3995874708114,"Outside UK"
"330",1994,"Male",64.7407630353719,65.4648921132355,65.1310961219358,"Outside UK"
"331",1995,"Female",69.92598627944,70.6824792554167,70.3392242433625,"Outside UK"
"332",1995,"Male",65.0358825347698,65.7769185543505,65.4322482375603,"Outside UK"
"333",1996,"Female",69.8633608743705,70.680508406785,70.2571857098515,"Outside UK"
"334",1996,"Male",64.9859322076348,65.8260454905406,65.4723498295028,"Outside UK"
"335",1997,"Female",70.0667781577468,70.8264930565413,70.4160587986879,"Outside UK"
"336",1997,"Male",65.0189543698524,65.7279026121977,65.3669059975317,"Outside UK"
"337",1998,"Female",70.0940291052332,71.0541504887602,70.584480185631,"Outside UK"
"338",1998,"Male",65.3716753849288,66.0317970016772,65.7551231587179,"Outside UK"
"339",1999,"Female",70.2287436182503,71.0011272460095,70.5866933860642,"Outside UK"
"340",1999,"Male",65.2807637392992,65.9962427239362,65.6136809224759,"Outside UK"
"341",2000,"Female",70.364365280526,71.1244444516587,70.7240638641287,"Outside UK"
"342",2000,"Male",65.1380363443376,65.8328647604847,65.4225862021317,"Outside UK"
"343",2001,"Female",70.4046932850593,71.2083098861721,70.810776045294,"Outside UK"
"344",2001,"Male",65.409664351744,66.0719010098265,65.7325503868819,"Outside UK"
"345",2002,"Female",70.0535017148384,70.9126250599507,70.5245395902501,"Outside UK"
"346",2002,"Male",65.1789697302246,65.7511534732705,65.4321721195041,"Outside UK"
"347",2003,"Female",69.9473214633782,70.8348332923919,70.4158628811784,"Outside UK"
"348",2003,"Male",65.453900954829,66.2154108594236,65.8817531387795,"Outside UK"
"349",2004,"Female",70.1899670226207,70.8978825582814,70.5364889277802,"Outside UK"
"350",2004,"Male",65.0053618692807,65.9613646322066,65.475462540119,"Outside UK"
"351",2005,"Female",70.5460399284511,71.3479522755395,70.9337734258282,"Outside UK"
"352",2005,"Male",64.5993246481526,65.3002464403621,64.9661467278984,"Outside UK"
"353",2006,"Female",70.2526561743012,71.0304064786995,70.6268041150792,"Outside UK"
"354",2006,"Male",65.1489161622042,65.7134186331874,65.4391570413026,"Outside UK"
"355",2007,"Female",70.0762306710202,70.7266806905937,70.3502751116429,"Outside UK"
"356",2007,"Male",64.9789148778858,65.7219009097732,65.3629303901355,"Outside UK"
"357",2008,"Female",70.012209429311,70.7409945290469,70.363244551542,"Outside UK"
"358",2008,"Male",64.9199940957101,65.6352746167604,65.2917889515903,"Outside UK"
"359",2009,"Female",69.9567159256774,70.6524836431069,70.3156308714122,"Outside UK"
"360",2009,"Male",65.1043412793445,65.8188521841047,65.4723848870059,"Outside UK"
"361",2010,"Female",69.8545722829376,70.6842389860509,70.2920853904402,"Outside UK"
"362",2010,"Male",65.243778638423,65.9018740050463,65.5932639131457,"Outside UK"
"363",2011,"Female",70.2112597352312,70.882481517336,70.5233545641617,"Outside UK"
"364",2011,"Male",64.6454691306107,65.6409130559672,65.2471676145782,"Outside UK"
"365",2012,"Female",70.0102377233548,70.647919150782,70.3282716824376,"Outside UK"
"366",2012,"Male",64.7573551254827,65.5498303710465,65.1438044749805,"Outside UK"
"367",2013,"Female",70.4749692100868,71.2045441176755,70.8566945061731,"Outside UK"
"368",2013,"Male",65.1476386569226,66.0372812111678,65.5488334411542,"Outside UK"
"369",2014,"Female",70.2452298508298,70.9896880361845,70.5884122388126,"Outside UK"
"370",2014,"Male",64.9606141130266,65.7465515026089,65.3588621983486,"Outside UK"
"371",2015,"Female",70.2025986526214,70.7927908271543,70.4545202715517,"Outside UK"
"372",2015,"Male",64.684857362667,65.476371406081,65.0833364903381,"Outside UK"
"373",2016,"Female",70.1906387016009,70.9878635410035,70.5592844788783,"Outside UK"
"374",2016,"Male",64.8435197678197,65.6515524156885,65.2451961694175,"Outside UK"
"375",2017,"Female",1.42738292419375,1.43649251185414,1.43154111418486,"Outside UK"
"376",2017,"Male",1.42546698586436,1.43763553003351,1.43181184235639,"Outside UK"
"377",1971,"Female",59.4713630460336,59.5836831616126,59.5172553023064,"UK"
"378",1971,"Male",57.0813044530686,57.2606374372836,57.1748209694,"UK"
"379",1972,"Female",60.0604783620606,60.1735536158729,60.1117096567706,"UK"
"380",1972,"Male",57.5151703730833,57.7013147686475,57.6024354519097,"UK"
"381",1973,"Female",60.6128922517831,60.7524484782669,60.6915714737591,"UK"
"382",1973,"Male",57.840355766562,58.0028774641169,57.9254900914743,"UK"
"383",1974,"Female",61.143023665628,61.3037906338385,61.2215627775623,"UK"
"384",1974,"Male",58.1728185744664,58.3403367395943,58.2564653425699,"UK"
"385",1975,"Female",61.6554905254827,61.8324982656419,61.7425099834993,"UK"
"386",1975,"Male",58.5154286583348,58.7360405508028,58.6144337306555,"UK"
"387",1976,"Female",62.0664608157744,62.2073649301219,62.1470864165743,"UK"
"388",1976,"Male",58.7945535941821,58.95875912667,58.8740374836014,"UK"
"389",1977,"Female",62.5571037295326,62.7291196354829,62.6600442876616,"UK"
"390",1977,"Male",59.0380035185731,59.2662116133294,59.122518187381,"UK"
"391",1978,"Female",62.8651254127846,63.0385742759501,62.9577020198798,"UK"
"392",1978,"Male",59.2758326618089,59.4704379415102,59.3620344267125,"UK"
"393",1979,"Female",63.1641278669516,63.3758810343027,63.2885973032921,"UK"
"394",1979,"Male",59.4900337527875,59.7122270154153,59.6027710119313,"UK"
"395",1980,"Female",63.4852934106074,63.6817689242208,63.5952672952136,"UK"
"396",1980,"Male",59.652906577556,59.9328018987406,59.8049277852731,"UK"
"397",1981,"Female",63.7968549309895,64.0269351315749,63.9197825791085,"UK"
"398",1981,"Male",59.8067159920825,60.0170407974907,59.9202375733304,"UK"
"399",1982,"Female",64.0313663299921,64.241812498952,64.1387827231091,"UK"
"400",1982,"Male",59.9102909591343,60.1451672390949,60.024170893334,"UK"
"401",1983,"Female",64.2820374511387,64.5276652770299,64.3922184327179,"UK"
"402",1983,"Male",59.9226298140139,60.1839056772647,60.0701534184746,"UK"
"403",1984,"Female",64.3370080271642,64.4970306189183,64.4152564097743,"UK"
"404",1984,"Male",60.0840092232036,60.3105383169063,60.2000431362944,"UK"
"405",1985,"Female",64.6136896276374,64.8503409821431,64.7323296488126,"UK"
"406",1985,"Male",60.1832821472516,60.4249010131707,60.3153065146046,"UK"
"407",1986,"Female",64.8334116784319,65.0689121505767,64.9567328316752,"UK"
"408",1986,"Male",60.2847922193631,60.5188181019995,60.4119516930889,"UK"
"409",1987,"Female",64.8362066325634,65.0760412187812,64.9610749858712,"UK"
"410",1987,"Male",60.2777432264362,60.5449799652277,60.4411451486351,"UK"
"411",1988,"Female",65.0119601823995,65.227103947055,65.1116553149448,"UK"
"412",1988,"Male",60.324511172581,60.5430585197131,60.4340153155529,"UK"
"413",1989,"Female",65.0290775840614,65.2369965683835,65.1302748008078,"UK"
"414",1989,"Male",60.3226045197329,60.5570646565967,60.4642609765146,"UK"
"415",1990,"Female",65.2023471392636,65.4318616918094,65.3097947487821,"UK"
"416",1990,"Male",60.3348761074769,60.6201694637696,60.4931197245185,"UK"
"417",1991,"Female",65.1657625092542,65.4311967315704,65.3019180108107,"UK"
"418",1991,"Male",60.5087822616401,60.7365798415009,60.6253152415054,"UK"
"419",1992,"Female",65.3208216785171,65.5963355635054,65.4595395907893,"UK"
"420",1992,"Male",60.3851289074659,60.657616215466,60.5048939837735,"UK"
"421",1993,"Female",65.2729970988093,65.5470203490459,65.3842518364445,"UK"
"422",1993,"Male",60.3935155179138,60.7046590307313,60.5369782047123,"UK"
"423",1994,"Female",65.4122714121161,65.6264462839872,65.5363077223913,"UK"
"424",1994,"Male",60.55345769982,60.7952372804348,60.674339706101,"UK"
"425",1995,"Female",65.4375294177962,65.669085447694,65.5630247844205,"UK"
"426",1995,"Male",60.5577123730822,60.8459958094839,60.663678118241,"UK"
"427",1996,"Female",65.274376132166,65.5106099136998,65.3833322120377,"UK"
"428",1996,"Male",60.5360096806177,60.7752653905424,60.6309509682362,"UK"
"429",1997,"Female",65.4897627574979,65.7141679624898,65.6012826716751,"UK"
"430",1997,"Male",60.3738609439047,60.6860369331494,60.5397939420237,"UK"
"431",1998,"Female",65.5188404111028,65.7792484472626,65.6375998769708,"UK"
"432",1998,"Male",60.5165340590402,60.7797540788834,60.6695698946044,"UK"
"433",1999,"Female",65.443569803588,65.6743204822205,65.5422695581689,"UK"
"434",1999,"Male",60.4693961121697,60.7322180608505,60.599560943419,"UK"
"435",2000,"Female",65.4886699789167,65.7288890830726,65.5882883106547,"UK"
"436",2000,"Male",60.5980516679266,60.8760457868459,60.7446478331028,"UK"
"437",2001,"Female",65.3430002566998,65.624933681737,65.4698853390185,"UK"
"438",2001,"Male",60.6003640573753,60.8256269078363,60.6924754892513,"UK"
"439",2002,"Female",65.467810459046,65.6864671659876,65.575157438398,"UK"
"440",2002,"Male",60.4933410194239,60.7366580916184,60.6342473958175,"UK"
"441",2003,"Female",65.5664717864898,65.8264237530062,65.6916889248848,"UK"
"442",2003,"Male",60.4972934733131,60.7706247137015,60.6268793455423,"UK"
"443",2004,"Female",65.2997000410886,65.5662934171481,65.4349762197914,"UK"
"444",2004,"Male",60.3703405597512,60.6755205143732,60.51616156477,"UK"
"445",2005,"Female",65.3926930846701,65.7062847386634,65.5658929261855,"UK"
"446",2005,"Male",60.424514262716,60.6990861569408,60.567510454589,"UK"
"447",2006,"Female",65.4471390127425,65.7894230438624,65.621855436684,"UK"
"448",2006,"Male",60.5932578735974,60.8877798019673,60.7336432089333,"UK"
"449",2007,"Female",65.4677298702731,65.7060678788462,65.5727414400458,"UK"
"450",2007,"Male",60.4696769822638,60.7215331699872,60.6168369444243,"UK"
"451",2008,"Female",65.470297186423,65.7306355447043,65.6007126254599,"UK"
"452",2008,"Male",60.4771158126058,60.7465587251319,60.5918513520768,"UK"
"453",2009,"Female",65.5253223714355,65.826656843088,65.6989980874701,"UK"
"454",2009,"Male",60.4002880353644,60.6340611509268,60.5214212362138,"UK"
"455",2010,"Female",65.4602702668078,65.731608445198,65.5893183981316,"UK"
"456",2010,"Male",60.473093255308,60.7117556753784,60.6080001089575,"UK"
"457",2011,"Female",65.4293072691566,65.7104141738598,65.5783173919699,"UK"
"458",2011,"Male",60.4165622696506,60.663952560101,60.5494237277415,"UK"
"459",2012,"Female",65.429579058678,65.735783165454,65.580240077115,"UK"
"460",2012,"Male",60.4913594500315,60.6991222890249,60.5895086797011,"UK"
"461",2013,"Female",65.4577960458091,65.7361146236567,65.5892082470662,"UK"
"462",2013,"Male",60.583452396342,60.8315599918525,60.7075049654421,"UK"
"463",2014,"Female",65.362234865668,65.6805759780878,65.5475397864947,"UK"
"464",2014,"Male",60.3615036331601,60.6516229802761,60.5081291640882,"UK"
"465",2015,"Female",65.3903615826499,65.6557045728749,65.514302465723,"UK"
"466",2015,"Male",60.5646500565945,60.8000942845969,60.6778198088863,"UK"
"467",2016,"Female",65.5100954867485,65.794259414206,65.6361859472152,"UK"
"468",2016,"Male",60.454110160818,60.6964309337364,60.5688225193233,"UK"
"469",2017,"Female",1.42961961681068,1.43327310716143,1.43122053135867,"UK"
"470",2017,"Male",1.43071403123339,1.43440012643714,1.43234858547434,"UK"
"471",1971,"Female",59.5862030608288,59.7225717583913,59.650144782821,"All (removing missing)"
"472",1971,"Male",57.3508314407068,57.483910860899,57.408919913682,"All (removing missing)"
"473",1972,"Female",60.2081671039967,60.338084078607,60.2658127329896,"All (removing missing)"
"474",1972,"Male",57.7757650772653,57.9408567754547,57.844587074888,"All (removing missing)"
"475",1973,"Female",60.7948978268119,60.9228827356532,60.8552617407588,"All (removing missing)"
"476",1973,"Male",58.0866852408626,58.2641832173585,58.1869009244334,"All (removing missing)"
"477",1974,"Female",61.3428387610285,61.4849021737734,61.4049044563299,"All (removing missing)"
"478",1974,"Male",58.4517760540438,58.6145458127542,58.5391925983313,"All (removing missing)"
"479",1975,"Female",61.8852644182055,62.0069544267545,61.9622317121162,"All (removing missing)"
"480",1975,"Male",58.8586231845922,59.0418820391403,58.9258472299673,"All (removing missing)"
"481",1976,"Female",62.2838234083241,62.4279692151507,62.3620601020007,"All (removing missing)"
"482",1976,"Male",59.0765177435491,59.2924362923394,59.173195469732,"All (removing missing)"
"483",1977,"Female",62.7953151299532,62.9570009249852,62.8687922497263,"All (removing missing)"
"484",1977,"Male",59.350833590336,59.5639965675522,59.4523230366489,"All (removing missing)"
"485",1978,"Female",63.1594985146887,63.3103232970072,63.2505665487968,"All (removing missing)"
"486",1978,"Male",59.5776042232386,59.8131551067101,59.6771945046963,"All (removing missing)"
"487",1979,"Female",63.4913655911485,63.6511303340375,63.5689168573914,"All (removing missing)"
"488",1979,"Male",59.8877868008904,60.0727195082085,59.9765986734728,"All (removing missing)"
"489",1980,"Female",63.7810350888876,64.0074097316418,63.8972963913006,"All (removing missing)"
"490",1980,"Male",60.0527648903892,60.2877847184846,60.1857673748975,"All (removing missing)"
"491",1981,"Female",64.1154713628169,64.3028478061312,64.2246915351366,"All (removing missing)"
"492",1981,"Male",60.2445116675212,60.4742501779818,60.3424026588595,"All (removing missing)"
"493",1982,"Female",64.3675403085897,64.5707621853714,64.4878102707185,"All (removing missing)"
"494",1982,"Male",60.2626862345708,60.5289936356105,60.3950572157475,"All (removing missing)"
"495",1983,"Female",64.6783758331394,64.8914944842007,64.7781204553675,"All (removing missing)"
"496",1983,"Male",60.3531221379213,60.5919725384926,60.4691168261507,"All (removing missing)"
"497",1984,"Female",64.6972238352876,64.9033230770117,64.8122056437969,"All (removing missing)"
"498",1984,"Male",60.5446212671622,60.7777905697422,60.6445276183328,"All (removing missing)"
"499",1985,"Female",64.998859236139,65.2109874782736,65.1069255685078,"All (removing missing)"
"500",1985,"Male",60.6299086789959,60.9117555140994,60.7630090016452,"All (removing missing)"
"501",1986,"Female",65.2187938680776,65.4457700534938,65.3274807540564,"All (removing missing)"
"502",1986,"Male",60.7198941838021,60.9500076420172,60.8413598478292,"All (removing missing)"
"503",1987,"Female",65.2201937843231,65.4838426864881,65.3627112139496,"All (removing missing)"
"504",1987,"Male",60.7429607387665,61.0056748848535,60.8771401561482,"All (removing missing)"
"505",1988,"Female",65.4261857985348,65.6584263046007,65.5390671107741,"All (removing missing)"
"506",1988,"Male",60.7671167099319,61.0088769950083,60.8943567154401,"All (removing missing)"
"507",1989,"Female",65.4647409876867,65.6455485023335,65.556529694394,"All (removing missing)"
"508",1989,"Male",60.8159174946542,61.0646346116303,60.9332772560233,"All (removing missing)"
"509",1990,"Female",65.6381880907202,65.8436432571554,65.7447797409255,"All (removing missing)"
"510",1990,"Male",60.8507269691607,61.1145047863888,60.9794579377778,"All (removing missing)"
"511",1991,"Female",65.6669954774101,65.9027922907344,65.7814628192359,"All (removing missing)"
"512",1991,"Male",60.980567689532,61.2201876322083,61.0899906793016,"All (removing missing)"
"513",1992,"Female",65.7181022816737,66.0504632413149,65.9181995287159,"All (removing missing)"
"514",1992,"Male",60.8707815952257,61.0684537178135,60.958198064322,"All (removing missing)"
"515",1993,"Female",65.7214041262733,65.9687328380436,65.8346745715719,"All (removing missing)"
"516",1993,"Male",60.8698235323507,61.1647715974407,61.0232907812641,"All (removing missing)"
"517",1994,"Female",65.8942296011399,66.0855619268038,66.0035622870295,"All (removing missing)"
"518",1994,"Male",61.0022528633568,61.2224574630443,61.105027717942,"All (removing missing)"
"519",1995,"Female",65.8850612056676,66.1642752361646,66.0419247643023,"All (removing missing)"
"520",1995,"Male",60.9869741289386,61.2676919702864,61.1315262183662,"All (removing missing)"
"521",1996,"Female",65.7466089778216,65.9856972503977,65.8670422843891,"All (removing missing)"
"522",1996,"Male",60.9598381859099,61.2108594782514,61.1028815769385,"All (removing missing)"
"523",1997,"Female",65.8966761245784,66.2063538114103,66.0543504749708,"All (removing missing)"
"524",1997,"Male",60.8813388661893,61.1360866249168,61.0231866258882,"All (removing missing)"
"525",1998,"Female",65.9798012518489,66.2684185786405,66.1161380992381,"All (removing missing)"
"526",1998,"Male",61.0360988623706,61.2910862091299,61.1782943938725,"All (removing missing)"
"527",1999,"Female",65.9303804821033,66.1489284791721,66.0589339772525,"All (removing missing)"
"528",1999,"Male",60.966273122013,61.1944685205216,61.0749214833297,"All (removing missing)"
"529",2000,"Female",65.9401067865996,66.2265659741258,66.0943895881045,"All (removing missing)"
"530",2000,"Male",61.0919708245578,61.310958330465,61.1858591889896,"All (removing missing)"
"531",2001,"Female",65.8791355104078,66.1097450327177,65.9879859511723,"All (removing missing)"
"532",2001,"Male",61.084642793043,61.3183782048524,61.2096691416631,"All (removing missing)"
"533",2002,"Female",65.9700461623368,66.1886947448074,66.0930230989497,"All (removing missing)"
"534",2002,"Male",60.9915042826926,61.2091228904075,61.1009094344705,"All (removing missing)"
"535",2003,"Female",66.0594879188242,66.2843288505686,66.1869127791032,"All (removing missing)"
"536",2003,"Male",61.031951942449,61.2605822618331,61.1467064743992,"All (removing missing)"
"537",2004,"Female",65.8360926900856,66.0610725834542,65.9647993426798,"All (removing missing)"
"538",2004,"Male",60.8508162653894,61.097094760864,61.0006747514116,"All (removing missing)"
"539",2005,"Female",65.9413332915005,66.1933932809473,66.078504591604,"All (removing missing)"
"540",2005,"Male",60.9016126948308,61.1228395892514,60.9991675873243,"All (removing missing)"
"541",2006,"Female",65.9977188616976,66.2398698527241,66.1136239974603,"All (removing missing)"
"542",2006,"Male",61.0773112749041,61.3033906925521,61.1913594105685,"All (removing missing)"
"543",2007,"Female",65.9649056246705,66.1915202428191,66.0741061106737,"All (removing missing)"
"544",2007,"Male",60.9676825501468,61.2697395083682,61.1022169227732,"All (removing missing)"
"545",2008,"Female",65.9396333194186,66.1851009118981,66.0674563414715,"All (removing missing)"
"546",2008,"Male",60.9021768148055,61.2377382021337,61.0429997031962,"All (removing missing)"
"547",2009,"Female",66.025061035711,66.2662730271955,66.1516792500921,"All (removing missing)"
"548",2009,"Male",60.8323341318844,61.1143855044481,60.9933526196467,"All (removing missing)"
"549",2010,"Female",65.8970729850971,66.1640136670013,66.0435075073103,"All (removing missing)"
"550",2010,"Male",60.9783372950887,61.2053750169872,61.0788943543,"All (removing missing)"
"551",2011,"Female",65.9291633804717,66.1765489844944,66.0563738951757,"All (removing missing)"
"552",2011,"Male",60.9078412568722,61.1336989026271,61.0181776978318,"All (removing missing)"
"553",2012,"Female",65.8877267823046,66.1552774856399,66.0432209637369,"All (removing missing)"
"554",2012,"Male",60.9277219183259,61.1722328078853,61.0490822562509,"All (removing missing)"
"555",2013,"Female",65.9835491165983,66.2278390874144,66.0952362016739,"All (removing missing)"
"556",2013,"Male",61.0315738291796,61.2924955612792,61.1809193077166,"All (removing missing)"
"557",2014,"Female",65.904080552871,66.1562380211806,66.0169507322179,"All (removing missing)"
"558",2014,"Male",60.8541586278228,61.0868892940318,60.9689940101968,"All (removing missing)"
"559",2015,"Female",65.9272181049263,66.099932587537,66.0121692499012,"All (removing missing)"
"560",2015,"Male",61.058948696817,61.3082855351053,61.1434734334699,"All (removing missing)"
"561",2016,"Female",66.0214901658155,66.2080831809002,66.121839578591,"All (removing missing)"
"562",2016,"Male",60.9215056434858,61.1730315460492,61.0360247193294,"All (removing missing)"
"563",2017,"Female",1.42924344530945,1.43272418258726,1.43133710210783,"All (removing missing)"
"564",2017,"Male",1.43090209875714,1.43378503589106,1.43241536713762,"All (removing missing)"
